Gm#,Date,Season,Tm,,Opp,W/L,R,RA,W-L,Rank,GB,Time,D/N,Attendance
1,Monday Apr 6,2015,ARI,,SFG,L,4,5,0-1,4,1,3:18,N,49043
2,Tuesday Apr 7,2015,ARI,,SFG,W,7,6,1-Jan,2,1,3:10,N,22626
3,Wednesday Apr 8,2015,ARI,,SFG,L,2,5,2-Jan,4,2,3:08,N,21642
4,Friday Apr 10,2015,ARI,,LAD,W-wo,4,3,2-Feb,3,2,3:01,N,27404
5,Saturday Apr 11,2015,ARI,,LAD,W,6,0,2-Mar,2,1,2:36,N,37636
6,Sunday Apr 12,2015,ARI,,LAD,L,4,7,3-Mar,3,1,3:27,D,29678
7,Monday Apr 13,2015,ARI,@,SDP,W,8,4,3-Apr,2,1,3:02,N,19538
8,Tuesday Apr 14,2015,ARI,@,SDP,L,1,5,4-Apr,4,2,2:31,N,20102
9,Wednesday Apr 15,2015,ARI,@,SDP,L,2,3,5-Apr,4,3,2:41,N,23104
10,Thursday Apr 16,2015,ARI,@,SFG,W,7,6,5-May,4,2.5,4:20,N,41545
11,Friday Apr 17,2015,ARI,@,SFG,W,9,0,5-Jun,4,1.5,3:00,N,41550
12,Saturday Apr 18,2015,ARI,@,SFG,L,1,4,6-Jun,4,2.5,2:38,N,41756
13,Sunday Apr 19,2015,ARI,@,SFG,W,5,1,6-Jul,4,2.5,2:45,D,41528
14,Tuesday Apr 21,2015,ARI,,TEX,L,1,7,7-Jul,3,2.5,3:04,N,18345
15,Wednesday Apr 22,2015,ARI,,TEX,W,8,5,7-Aug,3,1.5,2:59,N,17886
16,Friday Apr 24,2015,ARI,,PIT,L,1,4,8-Aug,4,2,2:41,N,24427
17,Saturday Apr 25,2015,ARI,,PIT,L,1,2,9-Aug,4,3,2:52,N,38859
18,Sunday Apr 26,2015,ARI,,PIT,L,0,8,10-Aug,4,3,3:18,D,32353
19,Monday Apr 27,2015,ARI,,COL,L,4,5,11-Aug,4,4,3:29,N,17444
20,Tuesday Apr 28,2015,ARI,,COL,W,12,5,11-Sep,4,3,3:10,N,18792
21,Wednesday Apr 29,2015,ARI,,COL,W,9,1,11-Oct,3,3,2:34,N,19633
22,Friday May 1,2015,ARI,@,LAD,L,0,8,12-Oct,4,4,2:47,N,50164
23,Saturday May 2,2015,ARI,@,LAD,L,4,6,13-Oct,5,5,3:14,N,43617
24,Sunday May 3,2015,ARI,@,LAD,L-wo,0,1,14-Oct,5,6,4:02,D,48136
25,Wednesday May 6 (1),2015,ARI,@,COL,W,13,7,14-Nov,4,4.5,3:29,D,
26,Wednesday May 6 (2),2015,ARI,@,COL,W,5,1,14-Dec,4,4.5,2:31,N,22621
27,Thursday May 7,2015,ARI,,SDP,W,11,0,13-14,3,4.5,2:52,N,16929
28,Friday May 8,2015,ARI,,SDP,L,5,6,13-15,4,5.5,3:26,N,28677
29,Saturday May 9,2015,ARI,,SDP,L,4,6,13-16,4,6,4:17,N,27340
30,Sunday May 10,2015,ARI,,SDP,W,2,1,14-16,4,6,2:47,D,24881
31,Monday May 11,2015,ARI,,WSN,L,1,11,14-17,4,7,2:42,N,16406
32,Tuesday May 12,2015,ARI,,WSN,W,14,6,15-17,4,7,2:59,N,19053
33,Wednesday May 13,2015,ARI,,WSN,L,6,9,15-18,4,7,3:38,D,19026
34,Friday May 15,2015,ARI,@,PHI,L,3,4,15-19,4,7.5,3:05,N,21383
35,Saturday May 16,2015,ARI,@,PHI,L,5,7,15-20,4,7.5,3:14,N,33649
36,Sunday May 17,2015,ARI,@,PHI,L,0,6,15-21,4,8.5,2:52,D,22123
37,Monday May 18,2015,ARI,@,MIA,W,3,2,16-21,4,8,3:11,N,17526
38,Tuesday May 19,2015,ARI,@,MIA,W,4,2,17-21,4,7,2:46,N,16034
39,Wednesday May 20,2015,ARI,@,MIA,W,6,1,18-21,4,6,2:36,N,17158
40,Thursday May 21,2015,ARI,@,MIA,W,7,6,19-21,3,5,3:02,D,20692
41,Friday May 22,2015,ARI,,CHC,W-wo,5,4,20-21,3,5,4:27,N,34498
42,Saturday May 23,2015,ARI,,CHC,L,6,9,20-22,3,6,3:14,N,30502
43,Sunday May 24,2015,ARI,,CHC,W,4,3,21-22,3,5,2:31,D,39660
44,Monday May 25,2015,ARI,@,STL,L-wo,2,3,21-23,3,6,3:24,D,42853
45,Tuesday May 26,2015,ARI,@,STL,L,4,6,21-24,3,7,2:51,N,41107
46,Wednesday May 27,2015,ARI,@,STL,L-wo,3,4,21-25,4,7,3:19,N,43715
47,Friday May 29,2015,ARI,@,MIL,W,7,5,22-25,4,6.5,3:23,N,34276
48,Saturday May 30,2015,ARI,@,MIL,W,7,3,23-25,3,6,2:58,D,39552
49,Sunday May 31,2015,ARI,@,MIL,L-wo,6,7,23-26,4,6,5:49,D,32460
50,Monday Jun 1,2015,ARI,,ATL,L,1,8,23-27,4,7,2:45,N,18258
51,Tuesday Jun 2,2015,ARI,,ATL,W,7,6,24-27,4,6.5,3:18,N,17101
52,Wednesday Jun 3,2015,ARI,,ATL,W,9,8,25-27,4,5.5,3:17,D,17717
53,Thursday Jun 4,2015,ARI,,NYM,L,2,6,25-28,4,5.5,3:22,N,18954
54,Friday Jun 5,2015,ARI,,NYM,W,7,2,26-28,4,4.5,2:49,N,24332
55,Saturday Jun 6,2015,ARI,,NYM,W,2,1,27-28,4,4.5,2:40,N,30265
56,Sunday Jun 7,2015,ARI,,NYM,L,3,6,27-29,4,4.5,2:44,D,31575
57,Monday Jun 8,2015,ARI,@,LAD,L,3,9,27-30,4,5.5,2:42,N,42167
58,Tuesday Jun 9,2015,ARI,@,LAD,L,1,3,27-31,5,6.5,2:32,N,37738
59,Wednesday Jun 10,2015,ARI,@,LAD,L-wo,6,7,27-32,5,7.5,3:35,N,47174
60,Friday Jun 12,2015,ARI,@,SFG,W,1,0,28-32,4,7.5,2:52,N,41952
61,Saturday Jun 13,2015,ARI,@,SFG,W,4,2,29-32,4,6.5,2:50,D,42006
62,Sunday Jun 14,2015,ARI,@,SFG,W,4,0,30-32,4,6.5,2:51,D,41310
63,Monday Jun 15,2015,ARI,@,LAA,W,7,3,31-32,3,5.5,2:58,N,35193
64,Tuesday Jun 16,2015,ARI,@,LAA,L,1,4,31-33,3,5.5,2:42,N,40099
65,Wednesday Jun 17,2015,ARI,,LAA,W,3,2,32-33,3,4.5,3:00,N,28481
66,Thursday Jun 18,2015,ARI,,LAA,L,1,7,32-34,3,5.5,2:36,D,28942
67,Friday Jun 19,2015,ARI,,SDP,W,4,2,33-34,3,4.5,3:08,N,27394
68,Saturday Jun 20,2015,ARI,,SDP,L,1,8,33-35,3,4.5,2:40,N,33649
69,Sunday Jun 21,2015,ARI,,SDP,W,7,2,34-35,3,4.5,2:30,D,35590
70,Tuesday Jun 23,2015,ARI,@,COL,L,5,10,34-36,3,4,2:51,N,30079
71,Wednesday Jun 24,2015,ARI,@,COL,W,8,7,35-36,3,4,3:55,N,30367
72,Thursday Jun 25,2015,ARI,@,COL,L,4,6,35-37,3,5,3:30,D,30568
73,Friday Jun 26,2015,ARI,@,SDP,L,2,4,35-38,3,6,2:42,N,30317
74,Saturday Jun 27,2015,ARI,@,SDP,L,2,7,35-39,4,6,2:57,N,40717
75,Sunday Jun 28,2015,ARI,@,SDP,W,6,4,36-39,3,6,2:31,D,32223
76,Monday Jun 29,2015,ARI,,LAD,W,10,6,37-39,3,5,3:49,N,24215
77,Tuesday Jun 30,2015,ARI,,LAD,L,4,6,37-40,3,6,4:09,N,22404
78,Wednesday Jul 1,2015,ARI,,LAD,L,3,4,37-41,3,7,2:58,N,20277
79,Thursday Jul 2,2015,ARI,,COL,W,8,1,38-41,3,6.5,3:01,N,16861
80,Friday Jul 3,2015,ARI,,COL,W-wo,4,3,39-41,3,5.5,3:36,N,22449
81,Saturday Jul 4,2015,ARI,,COL,W,7,3,40-41,3,5.5,3:18,N,42113
82,Sunday Jul 5,2015,ARI,,COL,L,4,6,40-42,3,5.5,3:32,D,22996
83,Tuesday Jul 7,2015,ARI,@,TEX,W,4,2,41-42,3,5,3:03,N,30955
84,Wednesday Jul 8,2015,ARI,@,TEX,W,7,4,42-42,2,5,3:26,N,27390
85,Friday Jul 10,2015,ARI,@,NYM,L,2,4,42-43,3,6.5,3:02,N,28243
86,Saturday Jul 11,2015,ARI,@,NYM,L,2,4,42-44,3,6.5,2:25,D,36038
87,Sunday Jul 12,2015,ARI,@,NYM,L,3,5,42-45,3,7.5,2:44,D,28259
88,Friday Jul 17,2015,ARI,,SFG,L,5,6,42-46,3,7.5,5:11,N,26922
89,Saturday Jul 18,2015,ARI,,SFG,L,4,8,42-47,3,8.5,3:38,N,37609
90,Sunday Jul 19,2015,ARI,,SFG,L,1,2,42-48,3,9.5,3:05,D,27173
91,Monday Jul 20,2015,ARI,,MIA,W,3,1,43-48,3,8.5,2:58,N,17668
92,Tuesday Jul 21,2015,ARI,,MIA,L,0,3,43-49,3,8.5,2:55,N,16983
93,Wednesday Jul 22,2015,ARI,,MIA,L,3,5,43-50,3,9.5,3:16,N,15857
94,Thursday Jul 23,2015,ARI,,MIL,W,8,3,44-50,3,9.5,3:12,N,18011
95,Friday Jul 24,2015,ARI,,MIL,L,1,2,44-51,3,10.5,2:56,N,29956
96,Saturday Jul 25,2015,ARI,,MIL,W,2,0,45-51,3,9.5,2:55,N,34957
97,Sunday Jul 26,2015,ARI,,MIL,W,3,0,46-51,3,8.5,3:20,D,24216
98,Monday Jul 27,2015,ARI,@,SEA,W,4,3,47-51,3,8,3:27,N,19532
99,Tuesday Jul 28,2015,ARI,@,SEA,W,8,4,48-51,3,7,3:00,N,25106
100,Wednesday Jul 29,2015,ARI,@,SEA,W,8,2,49-51,3,7,2:59,D,32502
101,Friday Jul 31,2015,ARI,@,HOU,W,6,4,50-51,3,7,3:41,N,34720
102,Saturday Aug 1,2015,ARI,@,HOU,L,2,9,50-52,3,8,3:12,N,36602
103,Sunday Aug 2,2015,ARI,@,HOU,L,1,4,50-53,3,9,2:54,D,33871
104,Monday Aug 3,2015,ARI,@,WSN,W,6,4,51-53,3,8.5,2:42,N,30888
105,Tuesday Aug 4,2015,ARI,@,WSN,L,4,5,51-54,3,8.5,3:13,N,26112
106,Wednesday Aug 5,2015,ARI,@,WSN,W,11,4,52-54,3,8.5,3:56,N,37572
107,Thursday Aug 6,2015,ARI,@,WSN,L,3,8,52-55,3,9.5,3:32,D,32838
108,Friday Aug 7,2015,ARI,,CIN,W,2,0,53-55,3,8.5,2:33,N,26836
109,Saturday Aug 8,2015,ARI,,CIN,L,1,4,53-56,3,8.5,2:58,N,40512
110,Sunday Aug 9,2015,ARI,,CIN,W-wo,4,3,54-56,3,7.5,3:21,D,28116
111,Monday Aug 10,2015,ARI,,PHI,W,13,3,55-56,3,6.5,3:01,N,16495
112,Tuesday Aug 11,2015,ARI,,PHI,W,13,1,56-56,3,6.5,2:43,N,19836
113,Wednesday Aug 12,2015,ARI,,PHI,L,6,7,56-57,3,7.5,3:34,D,18047
114,Friday Aug 14,2015,ARI,@,ATL,L,2,3,56-58,3,8,2:59,N,31917
115,Saturday Aug 15,2015,ARI,@,ATL,W,8,4,57-58,3,8,3:00,N,29624
116,Sunday Aug 16,2015,ARI,@,ATL,L-wo,1,2,57-59,3,9,3:13,D,20840
117,Monday Aug 17,2015,ARI,@,PIT,W,4,1,58-59,3,8.5,3:27,N,27365
118,Tuesday Aug 18,2015,ARI,@,PIT,L-wo,8,9,58-60,3,8.5,5:11,N,24975
119,Wednesday Aug 19,2015,ARI,@,PIT,L,1,4,58-61,3,8.5,2:51,N,32088
120,Thursday Aug 20,2015,ARI,@,CIN,W,5,4,59-61,3,8,3:21,N,22063
121,Friday Aug 21,2015,ARI,@,CIN,W,6,3,60-61,3,7,3:02,N,26757
122,Saturday Aug 22,2015,ARI,@,CIN,W,11,7,61-61,3,6,3:41,N,36216
123,Sunday Aug 23,2015,ARI,@,CIN,W,4,0,62-61,3,5,2:53,D,27656
124,Monday Aug 24,2015,ARI,,STL,L,3,5,62-62,3,5.5,3:19,N,19892
125,Tuesday Aug 25,2015,ARI,,STL,L,1,9,62-63,3,6.5,3:10,N,18720
126,Wednesday Aug 26,2015,ARI,,STL,L,1,3,62-64,3,7.5,2:35,N,17572
127,Thursday Aug 27,2015,ARI,,STL,L,3,5,62-65,3,8.5,3:24,N,22036
128,Friday Aug 28,2015,ARI,,OAK,W,6,4,63-65,3,8.5,2:56,N,30059
129,Saturday Aug 29,2015,ARI,,OAK,L,2,3,63-66,3,9.5,2:40,N,35990
130,Sunday Aug 30,2015,ARI,,OAK,L,4,7,63-67,3,9.5,4:03,D,29576
131,Monday Aug 31,2015,ARI,@,COL,L-wo,4,5,63-68,4,10.5,3:30,N,21386
132,Tuesday Sep 1 (1),2015,ARI,@,COL,W,6,4,64-68,3,10,3:02,D,21550
133,Tuesday Sep 1 (2),2015,ARI,@,COL,W,5,3,65-68,3,10,3:08,N,20411
134,Wednesday Sep 2,2015,ARI,@,COL,L,4,9,65-69,3,11,3:38,N,20574
135,Friday Sep 4,2015,ARI,@,CHC,L,5,14,65-70,3,11.5,3:40,D,36132
136,Saturday Sep 5,2015,ARI,@,CHC,L,0,2,65-71,3,12.5,2:34,D,40690
137,Sunday Sep 6,2015,ARI,@,CHC,L,4,6,65-72,3,13.5,3:01,D,41183
138,Monday Sep 7,2015,ARI,,SFG,W,6,1,66-72,3,13.5,2:54,D,28078
139,Tuesday Sep 8,2015,ARI,,SFG,L,2,6,66-73,3,14.5,2:49,N,18683
140,Wednesday Sep 9,2015,ARI,,SFG,W,2,1,67-73,3,13.5,2:49,N,20576
141,Friday Sep 11,2015,ARI,,LAD,W,12,4,68-73,3,12.5,3:23,N,35615
142,Saturday Sep 12,2015,ARI,,LAD,L,5,9,68-74,3,13.5,3:52,N,42517
143,Sunday Sep 13,2015,ARI,,LAD,L,3,4,68-75,3,14.5,2:56,D,36501
144,Monday Sep 14,2015,ARI,,SDP,L,3,10,68-76,3,15.5,3:29,N,15951
145,Tuesday Sep 15,2015,ARI,,SDP,W,6,4,69-76,3,14.5,3:31,N,17531
146,Wednesday Sep 16,2015,ARI,,SDP,L,3,4,69-77,3,15.5,2:50,N,18767
147,Friday Sep 18,2015,ARI,@,SFG,W,2,0,70-77,3,15.5,2:56,N,41346
148,Saturday Sep 19,2015,ARI,@,SFG,W,6,0,71-77,3,14.5,3:02,D,41206
149,Sunday Sep 20,2015,ARI,@,SFG,L,1,5,71-78,3,14.5,2:57,D,41390
150,Monday Sep 21,2015,ARI,@,LAD,W,8,4,72-78,3,13.5,3:23,N,38791
151,Tuesday Sep 22,2015,ARI,@,LAD,W,8,0,73-78,3,12.5,2:55,N,41419
152,Wednesday Sep 23,2015,ARI,@,LAD,L,1,4,73-79,3,13.5,2:32,N,46364
153,Thursday Sep 24,2015,ARI,@,LAD,L,3,6,73-80,3,14.5,3:21,D,38234
154,Friday Sep 25,2015,ARI,@,SDP,W,6,3,74-80,3,13.5,2:57,N,24179
155,Saturday Sep 26,2015,ARI,@,SDP,L,0,3,74-81,3,13.5,2:56,N,32186
156,Sunday Sep 27,2015,ARI,@,SDP,W,4,2,75-81,3,12.5,3:24,D,27115
157,Tuesday Sep 29,2015,ARI,,COL,W-wo,4,3,76-81,3,12,3:31,N,21526
158,Wednesday Sep 30,2015,ARI,,COL,W,3,1,77-81,3,11,2:58,N,18529
159,Thursday Oct 1,2015,ARI,,COL,W,8,6,78-81,3,11,3:10,N,20826
160,Friday Oct 2,2015,ARI,,HOU,L,5,21,78-82,3,12,3:52,N,33218
161,Saturday Oct 3,2015,ARI,,HOU,L,2,6,78-83,3,13,3:26,N,37687
162,Sunday Oct 4,2015,ARI,,HOU,W,5,3,79-83,3,13,3:19,D,24788
1,Monday Apr 4,2016,ARI,,COL,L,5,10,0-1,4,1,4:11,N,48165
2,Tuesday Apr 5,2016,ARI,,COL,W,11,6,1-Jan,3,1,3:14,N,21830
3,Wednesday Apr 6,2016,ARI,,COL,L,3,4,2-Jan,4,2,2:39,D,18572
4,Thursday Apr 7,2016,ARI,,CHC,L,6,14,3-Jan,4,2,3:29,N,24656
5,Friday Apr 8,2016,ARI,,CHC,W-wo,3,2,3-Feb,4,2,2:48,N,27539
6,Saturday Apr 9,2016,ARI,,CHC,L,2,4,4-Feb,5,2,2:46,N,32185
7,Sunday Apr 10,2016,ARI,,CHC,L,3,7,5-Feb,5,3,3:21,D,33258
8,Tuesday Apr 12,2016,ARI,@,LAD,W,4,2,5-Mar,4,3,3:00,D,53279
9,Wednesday Apr 13,2016,ARI,@,LAD,L,1,3,6-Mar,4,3,3:12,N,44244
10,Thursday Apr 14,2016,ARI,@,LAD,L,2,5,7-Mar,4,3,2:36,N,40879
11,Friday Apr 15,2016,ARI,@,SDP,W,3,2,7-Apr,4,3,3:08,N,28955
12,Saturday Apr 16,2016,ARI,@,SDP,L-wo,3,5,8-Apr,4,3,5:25,N,34051
13,Sunday Apr 17,2016,ARI,@,SDP,W,7,3,8-May,4,3,2:37,D,30520
14,Monday Apr 18,2016,ARI,@,SFG,W,9,7,8-Jun,4,2.5,4:35,N,41432
15,Tuesday Apr 19,2016,ARI,@,SFG,W,3,0,8-Jul,3,1.5,3:08,N,41218
16,Wednesday Apr 20,2016,ARI,@,SFG,W,2,1,8-Aug,3,1.5,2:54,N,41497
17,Thursday Apr 21,2016,ARI,@,SFG,W,6,2,8-Sep,2,1.5,3:10,D,41052
18,Friday Apr 22,2016,ARI,,PIT,L,7,8,9-Sep,3,1.5,3:12,N,27829
19,Saturday Apr 23,2016,ARI,,PIT,W,7,1,9-Oct,2,1.5,2:58,N,32935
20,Sunday Apr 24,2016,ARI,,PIT,L,10,12,10-Oct,2,2.5,5:25,D,27573
21,Monday Apr 25,2016,ARI,,STL,W,12,7,10-Nov,2,1.5,3:26,N,18208
22,Tuesday Apr 26,2016,ARI,,STL,L,2,8,11-Nov,2,1.5,2:47,N,19074
23,Wednesday Apr 27,2016,ARI,,STL,L,4,11,12-Nov,3,1.5,3:32,N,18339
24,Thursday Apr 28,2016,ARI,,STL,W,3,0,12-Dec,3,0.5,2:25,N,18933
25,Friday Apr 29,2016,ARI,,COL,L,0,9,13-Dec,3,0.5,3:21,N,23004
26,Saturday Apr 30,2016,ARI,,COL,L,2,5,14-Dec,4,0.5,3:16,N,32987
27,Sunday May 1,2016,ARI,,COL,L,3,6,15-Dec,4,1.5,3:23,D,25458
28,Tuesday May 3,2016,ARI,@,MIA,L,4,7,16-Dec,4,3,3:11,N,16323
29,Wednesday May 4,2016,ARI,@,MIA,L,3,4,17-Dec,4,3,2:48,N,17043
30,Thursday May 5,2016,ARI,@,MIA,L,0,4,18-Dec,5,3,2:47,N,16704
31,Friday May 6,2016,ARI,@,ATL,W,7,2,13-18,5,3,3:18,N,23514
32,Saturday May 7,2016,ARI,@,ATL,W,4,2,14-18,4,3,3:17,N,22178
33,Sunday May 8,2016,ARI,@,ATL,W,5,3,15-18,4,2,3:48,D,17106
34,Monday May 9,2016,ARI,@,COL,W,10,5,16-18,3,1,3:23,N,22053
35,Tuesday May 10,2016,ARI,@,COL,W,5,1,17-18,2,1,3:08,N,23363
36,Wednesday May 11,2016,ARI,@,COL,L,7,8,17-19,3,1,3:19,D,34890
37,Thursday May 12,2016,ARI,,SFG,L,2,4,17-20,4,2,3:13,N,19461
38,Friday May 13,2016,ARI,,SFG,L,1,3,17-21,4,3,3:00,N,21753
39,Saturday May 14,2016,ARI,,SFG,L,3,5,17-22,5,4,3:05,N,32448
40,Sunday May 15,2016,ARI,,SFG,L,1,2,17-23,5,5,3:00,D,25007
41,Monday May 16,2016,ARI,,NYY,W,12,2,18-23,4,4.5,3:00,N,32718
42,Tuesday May 17,2016,ARI,,NYY,W,5,3,19-23,4,4.5,2:47,N,30913
43,Wednesday May 18,2016,ARI,,NYY,L,2,4,19-24,4,5.5,3:12,N,32191
44,Friday May 20,2016,ARI,@,STL,W,11,7,20-24,4,5,3:46,N,43301
45,Saturday May 21,2016,ARI,@,STL,L,2,6,20-25,4,6,2:53,D,45117
46,Sunday May 22,2016,ARI,@,STL,W,7,2,21-25,4,6,2:44,D,43829
47,Tuesday May 24,2016,ARI,@,PIT,L,1,12,21-26,4,7.5,3:23,N,18415
48,Wednesday May 25,2016,ARI,@,PIT,L,4,5,21-27,4,8.5,3:05,N,20696
49,Thursday May 26,2016,ARI,@,PIT,L,3,8,21-28,4,9,3:40,D,30861
50,Friday May 27,2016,ARI,,SDP,L,3,10,21-29,4,9,3:19,N,24935
51,Saturday May 28,2016,ARI,,SDP,W,8,7,22-29,4,9,3:21,N,23927
52,Sunday May 29,2016,ARI,,SDP,W,6,3,23-29,4,9,2:39,D,21458
53,Monday May 30,2016,ARI,,HOU,L,3,8,23-30,4,9,2:54,D,24798
54,Tuesday May 31,2016,ARI,,HOU,L,5,8,23-31,4,10,3:11,D,15556
55,Wednesday Jun 1,2016,ARI,@,HOU,L-wo,4,5,23-32,4,10,3:43,N,22642
56,Thursday Jun 2,2016,ARI,@,HOU,W,3,0,24-32,4,10,2:36,D,21764
57,Friday Jun 3,2016,ARI,@,CHC,L,0,6,24-33,4,11,3:00,D,38813
58,Saturday Jun 4,2016,ARI,@,CHC,L,3,5,24-34,4,11,2:46,D,40415
59,Sunday Jun 5,2016,ARI,@,CHC,W,3,2,25-34,4,10,3:00,D,41596
60,Monday Jun 6,2016,ARI,,TBR,L,4,6,25-35,4,10.5,3:30,N,17176
61,Tuesday Jun 7,2016,ARI,,TBR,W,5,0,26-35,4,9.5,2:15,N,17964
62,Wednesday Jun 8,2016,ARI,,TBR,L,3,6,26-36,4,10.5,3:00,D,16954
63,Friday Jun 10,2016,ARI,,MIA,L,6,8,26-37,5,10.5,3:10,N,26970
64,Saturday Jun 11,2016,ARI,,MIA,W,5,3,27-37,4,10.5,2:33,N,33442
65,Sunday Jun 12,2016,ARI,,MIA,W,6,0,28-37,4,10.5,2:41,D,27741
66,Monday Jun 13,2016,ARI,,LAD,W,3,2,29-37,4,10.5,3:21,N,21374
67,Tuesday Jun 14,2016,ARI,,LAD,L,4,7,29-38,4,11.5,3:10,N,23458
68,Wednesday Jun 15,2016,ARI,,LAD,L,2,3,29-39,4,12.5,2:51,D,27792
69,Friday Jun 17,2016,ARI,@,PHI,W,10,2,30-39,4,12.5,3:04,N,19282
70,Saturday Jun 18,2016,ARI,@,PHI,W,4,1,31-39,4,12.5,2:37,D,33797
71,Sunday Jun 19,2016,ARI,@,PHI,W,5,1,32-39,4,12.5,2:59,D,40214
72,Monday Jun 20,2016,ARI,@,PHI,W,3,1,33-39,4,11.5,2:40,D,22118
73,Tuesday Jun 21,2016,ARI,@,TOR,W,4,2,34-39,4,11.5,2:42,N,41838
74,Wednesday Jun 22,2016,ARI,@,TOR,L,2,5,34-40,4,12.5,2:54,D,46967
75,Thursday Jun 23,2016,ARI,@,COL,W,7,6,35-40,4,12.5,3:42,N,36558
76,Friday Jun 24,2016,ARI,@,COL,W,10,9,36-40,3,12.5,4:30,N,35216
77,Saturday Jun 25,2016,ARI,@,COL,L,6,11,36-41,4,12.5,3:35,D,33337
78,Sunday Jun 26,2016,ARI,@,COL,L-wo,7,9,36-42,4,13.5,3:35,D,32435
79,Monday Jun 27,2016,ARI,,PHI,L,0,8,36-43,4,13.5,3:18,N,22567
80,Tuesday Jun 28,2016,ARI,,PHI,L,3,4,36-44,4,13.5,3:34,N,19645
81,Wednesday Jun 29,2016,ARI,,PHI,L,8,9,36-45,4,13.5,3:53,D,18603
82,Friday Jul 1,2016,ARI,,SFG,L,4,6,36-46,4,15,2:52,N,24859
83,Saturday Jul 2,2016,ARI,,SFG,W,6,5,37-46,4,14,2:55,N,30683
84,Sunday Jul 3,2016,ARI,,SFG,L,4,5,37-47,4,15,3:47,D,26171
85,Monday Jul 4,2016,ARI,,SDP,L,4,8,37-48,4,16,3:25,N,39203
86,Tuesday Jul 5,2016,ARI,,SDP,W,7,5,38-48,4,15,2:52,N,14110
87,Wednesday Jul 6,2016,ARI,,SDP,L,6,13,38-49,4,16,3:10,N,17091
88,Friday Jul 8,2016,ARI,@,SFG,L,2,6,38-50,5,17,3:27,N,41576
89,Saturday Jul 9,2016,ARI,@,SFG,L,2,4,38-51,5,18,3:03,D,41571
90,Sunday Jul 10,2016,ARI,@,SFG,L,0,4,38-52,5,19,2:54,N,42075
91,Friday Jul 15,2016,ARI,,LAD,L,7,13,38-53,5,19,3:51,N,30639
92,Saturday Jul 16,2016,ARI,,LAD,W-wo,2,1,39-53,5,18,4:31,N,38899
93,Sunday Jul 17,2016,ARI,,LAD,W,6,5,40-53,5,17,3:14,D,29459
94,Tuesday Jul 19,2016,ARI,,TOR,L,1,5,40-54,5,17,2:58,N,26626
95,Wednesday Jul 20,2016,ARI,,TOR,L,4,10,40-55,5,17,2:52,D,20076
96,Friday Jul 22,2016,ARI,@,CIN,L,2,6,40-56,5,17,3:15,N,24252
97,Saturday Jul 23,2016,ARI,@,CIN,L,1,6,40-57,5,18,3:00,N,23963
98,Sunday Jul 24,2016,ARI,@,CIN,W,9,8,41-57,5,17,3:32,D,25304
99,Monday Jul 25,2016,ARI,@,MIL,L,2,7,41-58,5,17,3:09,N,25347
100,Tuesday Jul 26,2016,ARI,@,MIL,L,4,9,41-59,5,18,3:35,N,24074
101,Wednesday Jul 27,2016,ARI,@,MIL,W,8,1,42-59,5,17,2:56,N,22581
102,Thursday Jul 28,2016,ARI,@,MIL,L,4,6,42-60,5,17,2:50,D,33971
103,Friday Jul 29,2016,ARI,@,LAD,L,7,9,42-61,5,17,3:24,N,50966
104,Saturday Jul 30,2016,ARI,@,LAD,W,4,2,43-61,5,17,3:24,N,49540
105,Sunday Jul 31,2016,ARI,@,LAD,L,3,14,43-62,5,18,3:43,D,42380
106,Monday Aug 1,2016,ARI,,WSN,L,1,14,43-63,5,18.5,3:23,N,17518
107,Tuesday Aug 2,2016,ARI,,WSN,L,4,10,43-64,5,18.5,3:18,N,19919
108,Wednesday Aug 3,2016,ARI,,WSN,L,3,8,43-65,5,18.5,2:59,D,17086
109,Friday Aug 5,2016,ARI,,MIL,W-wo,3,2,44-65,5,18,3:54,N,20008
110,Saturday Aug 6,2016,ARI,,MIL,L,6,15,44-66,5,19,4:00,N,29370
111,Sunday Aug 7,2016,ARI,,MIL,W,9,3,45-66,5,18,3:31,D,24021
112,Tuesday Aug 9,2016,ARI,@,NYM,W,5,3,46-66,5,17.5,3:04,N,31884
113,Wednesday Aug 10,2016,ARI,@,NYM,W,3,2,47-66,5,17.5,4:03,N,31277
114,Thursday Aug 11,2016,ARI,@,NYM,W,9,0,48-66,5,17,2:52,D,39271
115,Friday Aug 12,2016,ARI,@,BOS,L,4,9,48-67,5,17,2:53,N,37555
116,Saturday Aug 13,2016,ARI,@,BOS,L,3,6,48-68,5,18,3:12,N,37653
117,Sunday Aug 14,2016,ARI,@,BOS,L,2,16,48-69,5,18,2:49,D,36842
118,Monday Aug 15,2016,ARI,,NYM,W,10,6,49-69,5,17,3:29,N,17340
119,Tuesday Aug 16,2016,ARI,,NYM,L,5,7,49-70,5,17.5,3:24,N,20790
120,Wednesday Aug 17,2016,ARI,,NYM,W,13,5,50-70,4,17.5,2:53,N,18469
121,Thursday Aug 18,2016,ARI,@,SDP,L,8,9,50-71,5,17.5,3:49,N,32103
122,Friday Aug 19,2016,ARI,@,SDP,L-wo,4,7,50-72,5,18,3:58,N,26080
123,Saturday Aug 20,2016,ARI,@,SDP,W,2,1,51-72,5,17,2:52,N,32599
124,Sunday Aug 21,2016,ARI,@,SDP,L,1,9,51-73,5,17.5,2:30,D,28150
125,Monday Aug 22,2016,ARI,,ATL,W-wo,9,8,52-73,5,17.5,3:18,N,15789
126,Tuesday Aug 23,2016,ARI,,ATL,L,4,7,52-74,5,18.5,3:23,N,18780
127,Wednesday Aug 24,2016,ARI,,ATL,W-wo,10,9,53-74,4,18.5,4:46,N,15376
128,Thursday Aug 25,2016,ARI,,ATL,L,1,3,53-75,5,18.5,2:55,N,18698
129,Friday Aug 26,2016,ARI,,CIN,W-wo,4,3,54-75,4,17.5,3:47,N,26087
130,Saturday Aug 27,2016,ARI,,CIN,L,0,13,54-76,5,18.5,2:32,N,34395
131,Sunday Aug 28,2016,ARI,,CIN,W,11,2,55-76,5,18.5,2:57,D,22624
132,Tuesday Aug 30,2016,ARI,@,SFG,W,4,3,56-76,4,17.5,3:18,N,41443
133,Wednesday Aug 31,2016,ARI,@,SFG,L,2,4,56-77,4,18,3:33,D,41447
134,Friday Sep 2,2016,ARI,@,COL,L,7,14,56-78,4,18,3:11,N,23002
135,Saturday Sep 3,2016,ARI,@,COL,W,9,4,57-78,4,18,3:11,N,30280
136,Sunday Sep 4,2016,ARI,@,COL,W,8,5,58-78,4,18,3:20,D,31981
137,Monday Sep 5,2016,ARI,@,LAD,L,2,10,58-79,4,19,3:12,N,41820
138,Tuesday Sep 6,2016,ARI,@,LAD,L,2,5,58-80,4,20,2:49,N,42457
139,Wednesday Sep 7,2016,ARI,@,LAD,L,1,3,58-81,4,21,3:05,N,44352
140,Friday Sep 9,2016,ARI,,SFG,L,6,7,58-82,4,21,5:23,N,26492
141,Saturday Sep 10,2016,ARI,,SFG,L,3,11,58-83,5,22,3:09,N,32301
142,Sunday Sep 11,2016,ARI,,SFG,L,3,5,58-84,5,22,3:19,D,26008
143,Monday Sep 12,2016,ARI,,COL,W,12,9,59-84,5,22,3:42,N,20637
144,Tuesday Sep 13,2016,ARI,,COL,W,11,4,60-84,5,21,3:28,N,20897
145,Wednesday Sep 14,2016,ARI,,COL,W,11,6,61-84,5,21,3:49,N,19801
146,Thursday Sep 15,2016,ARI,,LAD,W,7,3,62-84,4,20,2:39,N,27126
147,Friday Sep 16,2016,ARI,,LAD,L,2,3,62-85,4,21,3:32,N,28211
148,Saturday Sep 17,2016,ARI,,LAD,L,2,6,62-86,4,22,3:12,N,38255
149,Sunday Sep 18,2016,ARI,,LAD,W-wo,10,9,63-86,4,21,4:29,D,26159
150,Monday Sep 19,2016,ARI,@,SDP,L,2,3,63-87,4,22,2:46,N,20250
151,Tuesday Sep 20,2016,ARI,@,SDP,L,2,5,63-88,5,22,2:57,N,34319
152,Wednesday Sep 21,2016,ARI,@,SDP,W,3,2,64-88,4,22,2:50,N,22110
153,Friday Sep 23,2016,ARI,@,BAL,L-wo,2,3,64-89,5,23.5,4:00,N,37815
154,Saturday Sep 24,2016,ARI,@,BAL,L,1,6,64-90,5,24.5,2:36,N,40610
155,Sunday Sep 25,2016,ARI,@,BAL,L,1,2,64-91,5,25.5,2:43,D,31229
156,Monday Sep 26,2016,ARI,@,WSN,W,14,4,65-91,5,25,3:21,N,18707
157,Tuesday Sep 27,2016,ARI,@,WSN,L,2,4,65-92,5,25,2:40,N,24297
158,Wednesday Sep 28,2016,ARI,@,WSN,W,3,0,66-92,5,24,1:55,N,20577
159,Thursday Sep 29,2016,ARI,@,WSN,L,3,5,66-93,5,25,2:55,D,21618
160,Friday Sep 30,2016,ARI,,SDP,W,5,3,67-93,5,24,2:51,N,42651
161,Saturday Oct 1,2016,ARI,,SDP,W,9,5,68-93,4,23,2:46,N,32811
162,Sunday Oct 2,2016,ARI,,SDP,W-wo,3,2,69-93,4,22,2:37,D,31385
1,Sunday Apr 2,2017,ARI,,SFG,W-wo,6,5,Jan-00,1,up 0.5,3:23,D,49016
2,Tuesday Apr 4,2017,ARI,,SFG,L,4,8,1-Jan,2,1,3:26,N,19378
3,Wednesday Apr 5,2017,ARI,,SFG,W,8,6,1-Feb,1,Tied,3:15,N,14675
4,Thursday Apr 6,2017,ARI,,SFG,W,9,3,1-Mar,1,Tied,3:00,N,15308
5,Friday Apr 7,2017,ARI,,CLE,W,7,3,1-Apr,1,Tied,3:19,N,22443
6,Saturday Apr 8,2017,ARI,,CLE,W,11,2,1-May,1,Tied,3:15,N,28437
7,Sunday Apr 9,2017,ARI,,CLE,W,3,2,1-Jun,1,up 1.0,3:02,D,30191
8,Monday Apr 10,2017,ARI,@,SFG,L,1,4,2-Jun,1,up 1.0,2:38,D,42129
9,Tuesday Apr 11,2017,ARI,@,SFG,W,4,3,2-Jul,1,up 1.0,3:18,N,41562
10,Wednesday Apr 12,2017,ARI,@,SFG,L,2,6,3-Jul,1,up 1.0,3:21,N,41656
11,Friday Apr 14,2017,ARI,@,LAD,L,1,7,4-Jul,1,up 0.5,3:06,N,49438
12,Saturday Apr 15,2017,ARI,@,LAD,L,4,8,5-Jul,2,0.5,3:03,N,48070
13,Sunday Apr 16,2017,ARI,@,LAD,W,3,1,5-Aug,2,0.5,3:22,D,39822
14,Monday Apr 17,2017,ARI,@,LAD,W,4,2,5-Sep,1,Tied,3:07,N,35448
15,Tuesday Apr 18,2017,ARI,@,SDP,W,11,2,5-Oct,1,Tied,3:20,N,19869
16,Wednesday Apr 19,2017,ARI,@,SDP,L,0,1,6-Oct,1,Tied,2:13,N,17089
17,Thursday Apr 20,2017,ARI,@,SDP,L,1,4,7-Oct,2,0.5,2:24,N,17831
18,Friday Apr 21,2017,ARI,,LAD,W,13,5,7-Nov,2,0.5,3:28,N,27018
19,Saturday Apr 22,2017,ARI,,LAD,W,11,5,7-Dec,2,0.5,3:20,N,36294
20,Sunday Apr 23,2017,ARI,,LAD,L,2,6,8-Dec,2,1.5,2:54,D,28704
21,Monday Apr 24,2017,ARI,,SDP,W,7,6,13-8,2,1.5,3:05,N,14758
22,Tuesday Apr 25,2017,ARI,,SDP,W,9,3,14-8,2,0.5,3:02,N,17531
23,Wednesday Apr 26,2017,ARI,,SDP,L,5,8,14-9,2,0.5,3:14,N,12215
24,Thursday Apr 27,2017,ARI,,SDP,W,6,2,15-9,1,up 0.5,2:21,N,15452
25,Friday Apr 28,2017,ARI,,COL,L,1,3,15-10,2,0.5,2:53,N,19300
26,Saturday Apr 29,2017,ARI,,COL,L,6,7,15-11,2,1.5,3:38,N,30445
27,Sunday Apr 30,2017,ARI,,COL,W-wo,2,0,16-11,2,0.5,4:02,D,23613
28,Tuesday May 2,2017,ARI,@,WSN,W,6,3,17-11,1,up 0.5,3:48,N,22826
29,Wednesday May 3,2017,ARI,@,WSN,L,1,2,17-12,2,0.5,2:52,N,23816
30,Thursday May 4,2017,ARI,@,WSN,L,2,4,17-13,2,1.5,3:18,D,29496
31,Friday May 5,2017,ARI,@,COL,W,6,3,18-13,2,0.5,2:56,N,30030
32,Saturday May 6,2017,ARI,@,COL,L,1,9,18-14,2,1.5,3:04,N,36165
33,Sunday May 7,2017,ARI,@,COL,L,2,5,18-15,2,2.5,2:35,D,39175
34,Tuesday May 9,2017,ARI,,DET,L,3,7,18-16,3,3,3:22,N,20445
35,Wednesday May 10,2017,ARI,,DET,W,7,1,19-16,3,3,2:37,N,18897
36,Thursday May 11,2017,ARI,,PIT,W,2,1,20-16,3,3,2:34,N,17527
37,Friday May 12,2017,ARI,,PIT,W,11,4,21-16,3,2,2:57,N,21911
38,Saturday May 13,2017,ARI,,PIT,L,3,4,21-17,3,2,3:00,N,31673
39,Sunday May 14,2017,ARI,,PIT,L,4,6,21-18,3,3,4:08,D,34088
40,Monday May 15,2017,ARI,,NYM,W,7,3,22-18,3,2.5,3:02,N,15988
41,Tuesday May 16,2017,ARI,,NYM,W,5,4,23-18,2,2.5,2:52,N,17471
42,Wednesday May 17,2017,ARI,,NYM,W-wo,5,4,24-18,2,2,3:30,D,19842
43,Friday May 19,2017,ARI,@,SDP,W,10,1,25-18,2,2,3:12,N,22187
44,Saturday May 20,2017,ARI,@,SDP,W,9,1,26-18,2,1,2:56,N,29969
45,Sunday May 21,2017,ARI,@,SDP,L,1,5,26-19,2,2,2:16,D,27198
46,Monday May 22,2017,ARI,,CHW,W,5,1,27-19,2,2,2:39,N,18333
47,Tuesday May 23,2017,ARI,,CHW,W,5,4,28-19,2,2,2:56,N,17865
48,Wednesday May 24,2017,ARI,,CHW,W,8,6,29-19,2,2,3:02,D,18002
49,Thursday May 25,2017,ARI,@,MIL,W,4,0,30-19,2,1,2:45,N,30081
50,Friday May 26,2017,ARI,@,MIL,W,4,2,31-19,2,1,3:24,N,25391
51,Saturday May 27,2017,ARI,@,MIL,L,1,6,31-20,2,1,2:52,D,29746
52,Sunday May 28,2017,ARI,@,MIL,L,5,9,31-21,3,2,3:08,D,41698
53,Monday May 29,2017,ARI,@,PIT,L-wo,3,4,31-22,3,2,3:02,D,16939
54,Tuesday May 30,2017,ARI,@,PIT,W,3,0,32-22,3,1.5,2:10,N,14996
55,Wednesday May 31,2017,ARI,@,PIT,W,6,5,33-22,2,0.5,4:40,D,20990
56,Thursday Jun 1,2017,ARI,@,MIA,W,3,2,34-22,1,Tied,3:00,N,16433
57,Friday Jun 2,2017,ARI,@,MIA,L,5,7,34-23,2,0.5,3:00,N,17413
58,Saturday Jun 3,2017,ARI,@,MIA,L,0,3,34-24,3,1.5,2:31,D,21548
59,Sunday Jun 4,2017,ARI,@,MIA,L,5,6,34-25,3,2,3:32,D,20387
60,Tuesday Jun 6,2017,ARI,,SDP,W,10,2,35-25,2,2,2:52,N,25883
61,Wednesday Jun 7,2017,ARI,,SDP,W,7,4,36-25,2,2,3:48,N,22079
62,Thursday Jun 8,2017,ARI,,SDP,W,15,3,37-25,2,2,2:59,D,21340
63,Friday Jun 9,2017,ARI,,MIL,L,6,8,37-26,3,3,3:38,N,25009
64,Saturday Jun 10,2017,ARI,,MIL,W,3,2,38-26,3,3,2:43,N,40195
65,Sunday Jun 11,2017,ARI,,MIL,W,11,1,39-26,3,2,3:26,D,30370
66,Tuesday Jun 13,2017,ARI,@,DET,W,7,6,40-26,3,0.5,3:48,N,25119
67,Wednesday Jun 14,2017,ARI,@,DET,W,2,1,41-26,3,0.5,2:45,N,26134
68,Friday Jun 16,2017,ARI,@,PHI,W,5,4,42-26,2,1,3:12,N,18140
69,Saturday Jun 17,2017,ARI,@,PHI,W,5,1,43-26,2,1,3:25,D,21108
70,Sunday Jun 18,2017,ARI,@,PHI,W,5,4,44-26,2,1,4:12,D,31131
71,Tuesday Jun 20,2017,ARI,@,COL,L,3,4,44-27,3,2,2:45,N,35016
72,Wednesday Jun 21,2017,ARI,@,COL,W,16,5,45-27,3,1.5,3:28,N,40918
73,Thursday Jun 22,2017,ARI,@,COL,W,10,3,46-27,2,1.5,3:06,D,40681
74,Friday Jun 23,2017,ARI,,PHI,L,1,6,46-28,2,2.5,2:54,N,31648
75,Saturday Jun 24,2017,ARI,,PHI,W,9,2,47-28,2,2.5,3:05,N,40557
76,Sunday Jun 25,2017,ARI,,PHI,W-wo,2,1,48-28,2,2.5,3:50,D,28179
77,Monday Jun 26,2017,ARI,,PHI,W,6,1,49-28,2,1.5,3:11,D,20765
78,Tuesday Jun 27,2017,ARI,,STL,W-wo,6,5,50-28,2,1.5,3:22,N,24256
79,Wednesday Jun 28,2017,ARI,,STL,L,3,4,50-29,2,1.5,3:18,N,23188
80,Thursday Jun 29,2017,ARI,,STL,L,4,10,50-30,2,2.5,3:18,D,27603
81,Friday Jun 30,2017,ARI,,COL,L,3,6,50-31,2,3.5,3:31,N,23275
82,Saturday Jul 1,2017,ARI,,COL,W,6,2,51-31,2,3.5,2:38,N,46338
83,Sunday Jul 2,2017,ARI,,COL,W-wo,4,3,52-31,2,2.5,3:04,D,34556
84,Tuesday Jul 4,2017,ARI,@,LAD,L,3,4,52-32,2,3.5,3:26,N,53159
85,Wednesday Jul 5,2017,ARI,@,LAD,L,0,1,52-33,2,4.5,2:56,N,40997
86,Thursday Jul 6,2017,ARI,@,LAD,L-wo,4,5,52-34,2,5.5,3:07,N,41999
87,Friday Jul 7,2017,ARI,,CIN,W,6,3,53-34,2,5.5,2:57,N,27006
88,Saturday Jul 8,2017,ARI,,CIN,L,0,7,53-35,2,6.5,3:00,N,29806
89,Sunday Jul 9,2017,ARI,,CIN,L,1,2,53-36,2,7.5,2:53,D,24923
90,Friday Jul 14,2017,ARI,@,ATL,L,3,4,53-37,2,8.5,3:02,N,38852
91,Saturday Jul 15,2017,ARI,@,ATL,L,5,8,53-38,2,9.5,3:28,N,41627
92,Sunday Jul 16,2017,ARI,@,ATL,L,1,7,53-39,2,10.5,2:47,D,36637
93,Tuesday Jul 18,2017,ARI,@,CIN,W,11,2,54-39,2,10.5,3:05,N,19989
94,Wednesday Jul 19,2017,ARI,@,CIN,L-wo,3,4,54-40,3,11.5,3:59,N,16573
95,Thursday Jul 20,2017,ARI,@,CIN,W,12,2,55-40,2,10.5,2:47,D,19711
96,Friday Jul 21,2017,ARI,,WSN,W-wo,6,5,56-40,2,9.5,3:23,N,37858
97,Saturday Jul 22,2017,ARI,,WSN,L,3,4,56-41,2,10.5,2:56,N,39176
98,Sunday Jul 23,2017,ARI,,WSN,L,2,6,56-42,3,11.5,3:39,D,32720
99,Monday Jul 24,2017,ARI,,ATL,W,10,2,57-42,2,11.5,3:00,N,20862
100,Tuesday Jul 25,2017,ARI,,ATL,L,3,8,57-43,2,12.5,3:10,N,25069
101,Wednesday Jul 26,2017,ARI,,ATL,W,10,3,58-43,2,12.5,3:17,D,25836
102,Thursday Jul 27,2017,ARI,@,STL,W,4,0,59-43,2,12,2:47,N,39208
103,Friday Jul 28,2017,ARI,@,STL,L,0,1,59-44,2,13,3:10,N,41230
104,Saturday Jul 29,2017,ARI,@,STL,W,7,1,60-44,2,13,3:12,N,48052
105,Sunday Jul 30,2017,ARI,@,STL,L,2,3,60-45,2,14,3:06,D,40827
106,Tuesday Aug 1,2017,ARI,@,CHC,L,4,16,60-46,3,15,3:27,N,40709
107,Wednesday Aug 2,2017,ARI,@,CHC,W,3,0,61-46,2,14,2:44,N,41321
108,Thursday Aug 3,2017,ARI,@,CHC,W,10,8,62-46,2,14,3:59,D,39525
109,Friday Aug 4,2017,ARI,@,SFG,W,2,1,63-46,2,14,2:39,N,38967
110,Saturday Aug 5,2017,ARI,@,SFG,L-wo,4,5,63-47,3,15,3:38,N,39532
111,Sunday Aug 6,2017,ARI,@,SFG,L,3,6,63-48,3,16,3:03,D,40107
112,Tuesday Aug 8,2017,ARI,,LAD,W,6,3,64-48,2,15,2:59,N,24810
113,Wednesday Aug 9,2017,ARI,,LAD,L,2,3,64-49,3,16,2:48,N,22670
114,Thursday Aug 10,2017,ARI,,LAD,L,6,8,64-50,3,17,3:37,N,31396
115,Friday Aug 11,2017,ARI,,CHC,L,3,8,64-51,3,17,3:23,N,39131
116,Saturday Aug 12,2017,ARI,,CHC,W,6,2,65-51,2,17,3:05,N,42219
117,Sunday Aug 13,2017,ARI,,CHC,L,2,7,65-52,2,18,3:12,D,41760
118,Monday Aug 14,2017,ARI,,HOU,W,2,0,66-52,2,17.5,2:48,N,20405
119,Tuesday Aug 15,2017,ARI,,HOU,L,4,9,66-53,2,18.5,3:07,D,16935
120,Wednesday Aug 16,2017,ARI,@,HOU,L,5,9,66-54,3,19.5,3:17,N,27278
121,Thursday Aug 17,2017,ARI,@,HOU,W,4,0,67-54,2,19,2:48,D,27949
122,Friday Aug 18,2017,ARI,@,MIN,L,3,10,67-55,3,20,3:06,N,25830
123,Saturday Aug 19,2017,ARI,@,MIN,L,0,5,67-56,3,21,2:54,N,29456
124,Sunday Aug 20,2017,ARI,@,MIN,L,5,12,67-57,3,21,3:06,D,27367
125,Monday Aug 21,2017,ARI,@,NYM,W,3,2,68-57,3,21,3:46,N,24265
126,Tuesday Aug 22,2017,ARI,@,NYM,W,7,4,69-57,2,21,3:03,N,25220
127,Wednesday Aug 23,2017,ARI,@,NYM,L,2,4,69-58,2,21,3:15,N,31277
128,Thursday Aug 24,2017,ARI,@,NYM,W,3,2,70-58,2,21,3:45,D,25284
129,Friday Aug 25,2017,ARI,,SFG,W,4,3,71-58,2,21,2:54,N,31924
130,Saturday Aug 26,2017,ARI,,SFG,W,2,1,72-58,2,20,2:34,N,25709
131,Sunday Aug 27,2017,ARI,,SFG,W,11,0,73-58,2,19,3:03,D,23210
132,Tuesday Aug 29,2017,ARI,,LAD,W,7,6,74-58,2,18,3:08,N,25219
133,Wednesday Aug 30,2017,ARI,,LAD,W,6,4,75-58,2,17,3:05,N,23321
134,Thursday Aug 31,2017,ARI,,LAD,W,8,1,76-58,2,16,3:02,D,19882
135,Friday Sep 1,2017,ARI,@,COL,W,9,5,77-58,2,16,3:48,N,29628
136,Saturday Sep 2,2017,ARI,@,COL,W,6,2,78-58,2,14.5,3:38,N,39442
137,Sunday Sep 3,2017,ARI,@,COL,W,5,1,79-58,2,13.5,3:13,D,33838
138,Monday Sep 4,2017,ARI,@,LAD,W,13,0,80-58,2,12.5,3:00,N,47192
139,Tuesday Sep 5,2017,ARI,@,LAD,W,3,1,81-58,2,11.5,3:42,N,47039
140,Wednesday Sep 6,2017,ARI,@,LAD,W,3,1,82-58,2,10.5,3:18,N,48612
141,Friday Sep 8,2017,ARI,,SDP,L,6,10,82-59,2,10,3:36,N,27988
142,Saturday Sep 9,2017,ARI,,SDP,L,7,8,82-60,2,10,3:33,N,34156
143,Sunday Sep 10,2017,ARI,,SDP,W,3,2,83-60,2,9,2:58,D,23854
144,Monday Sep 11,2017,ARI,,COL,L,4,5,83-61,2,9,3:40,N,24178
145,Tuesday Sep 12,2017,ARI,,COL,L,2,4,83-62,2,10,2:54,N,27526
146,Wednesday Sep 13,2017,ARI,,COL,W,8,2,84-62,2,10,3:00,N,26714
147,Thursday Sep 14,2017,ARI,,COL,W,7,0,85-62,2,9.5,2:53,D,20317
148,Friday Sep 15,2017,ARI,@,SFG,W,3,2,86-62,2,9.5,2:26,N,39810
149,Saturday Sep 16,2017,ARI,@,SFG,W,2,0,87-62,2,9.5,2:32,N,37846
150,Sunday Sep 17,2017,ARI,@,SFG,L,2,7,87-63,2,9.5,2:55,D,38476
151,Monday Sep 18,2017,ARI,@,SDP,L,2,4,87-64,2,9.5,3:02,N,20199
152,Tuesday Sep 19,2017,ARI,@,SDP,L,2,6,87-65,2,9.5,2:45,N,20101
153,Wednesday Sep 20,2017,ARI,@,SDP,W,13,7,88-65,2,8.5,3:47,N,25797
154,Friday Sep 22,2017,ARI,,MIA,W,13,11,89-65,2,9,3:54,N,34588
155,Saturday Sep 23,2017,ARI,,MIA,L,6,12,89-66,2,9,3:51,N,39259
156,Sunday Sep 24,2017,ARI,,MIA,W-wo,3,2,90-66,2,9,3:10,D,31539
157,Monday Sep 25,2017,ARI,,SFG,L,2,9,90-67,2,10,3:09,N,22813
158,Tuesday Sep 26,2017,ARI,,SFG,W,11,4,91-67,2,10,3:23,N,27487
159,Wednesday Sep 27,2017,ARI,,SFG,W-wo,4,3,92-67,2,10,3:20,D,20048
160,Friday Sep 29,2017,ARI,@,KCR,L,1,2,92-68,2,10,2:59,N,23488
161,Saturday Sep 30,2017,ARI,@,KCR,L,3,4,92-69,2,11,2:44,N,32727
162,Sunday Oct 1,2017,ARI,@,KCR,W,14,2,93-69,2,11,3:31,D,32277
1,Thursday Mar 29,2018,ARI,,COL,W,8,2,Jan-00,1,Tied,3:36,N,48703
2,Friday Mar 30,2018,ARI,,COL,W,9,8,Feb-00,1,Tied,3:22,N,23937
3,Saturday Mar 31,2018,ARI,,COL,L,1,2,1-Feb,1,Tied,2:54,N,33346
4,Monday Apr 2,2018,ARI,,LAD,W-wo,8,7,1-Mar,1,up 1.0,5:46,N,21735
5,Tuesday Apr 3,2018,ARI,,LAD,W,6,1,1-Apr,1,up 2.0,2:48,N,27574
6,Wednesday Apr 4,2018,ARI,,LAD,W,3,0,1-May,1,up 2.0,2:25,D,25754
7,Thursday Apr 5,2018,ARI,@,STL,W,3,1,1-Jun,1,up 2.0,3:32,N,46512
8,Saturday Apr 7,2018,ARI,@,STL,L,3,5,2-Jun,1,up 1.5,2:58,D,41113
9,Sunday Apr 8,2018,ARI,@,STL,W,4,1,2-Jul,1,up 2.5,2:53,D,40468
10,Monday Apr 9,2018,ARI,@,SFG,W,2,1,2-Aug,1,up 3.5,2:33,N,36997
11,Tuesday Apr 10,2018,ARI,@,SFG,L-wo,4,5,3-Aug,1,up 2.5,3:24,N,37869
12,Wednesday Apr 11,2018,ARI,@,SFG,W,7,3,3-Sep,1,up 3.5,3:09,D,35041
13,Friday Apr 13,2018,ARI,@,LAD,W,8,7,3-Oct,1,up 3.0,3:30,N,43791
14,Saturday Apr 14,2018,ARI,@,LAD,W,9,1,3-Nov,1,up 4.0,3:10,N,44306
15,Sunday Apr 15,2018,ARI,@,LAD,L,2,7,4-Nov,1,up 3.0,3:09,D,47527
16,Tuesday Apr 17,2018,ARI,,SFG,W,1,0,4-Dec,1,up 2.5,2:05,N,19669
17,Wednesday Apr 18,2018,ARI,,SFG,L,3,4,5-Dec,1,up 2.5,3:44,N,16976
18,Thursday Apr 19,2018,ARI,,SFG,W,3,1,13-5,1,up 3.0,2:23,N,18736
19,Friday Apr 20,2018,ARI,,SDP,L,1,4,13-6,1,up 3.0,2:54,N,24902
20,Saturday Apr 21,2018,ARI,,SDP,W,6,2,14-6,1,up 3.0,2:55,N,38820
21,Sunday Apr 22,2018,ARI,,SDP,W,4,2,15-6,1,up 4.0,2:42,D,31061
22,Tuesday Apr 24,2018,ARI,@,PHI,W,8,4,16-6,1,up 4.5,3:49,N,18195
23,Wednesday Apr 25,2018,ARI,@,PHI,L,3,5,16-7,1,up 3.5,2:55,N,21349
24,Thursday Apr 26,2018,ARI,@,PHI,W,8,2,17-7,1,up 4.0,3:12,D,20335
25,Friday Apr 27,2018,ARI,@,WSN,W,5,4,18-7,1,up 4.0,3:02,N,26517
26,Saturday Apr 28,2018,ARI,@,WSN,W,4,3,19-7,1,up 5.0,3:16,D,32963
27,Sunday Apr 29,2018,ARI,@,WSN,L,1,3,19-8,1,up 5.0,2:49,D,30285
28,Monday Apr 30,2018,ARI,,LAD,W,8,5,20-8,1,up 5.5,3:27,N,17562
29,Tuesday May 1,2018,ARI,,LAD,W,4,3,21-8,1,up 6.0,3:12,N,18940
30,Wednesday May 2,2018,ARI,,LAD,L,1,2,21-9,1,up 5.0,3:12,N,19531
31,Thursday May 3,2018,ARI,,LAD,L,2,5,21-10,1,up 4.5,3:17,D,21407
32,Friday May 4,2018,ARI,,HOU,L,0,8,21-11,1,up 3.5,2:50,N,29463
33,Saturday May 5,2018,ARI,,HOU,W-wo,4,3,22-11,1,up 3.5,3:34,N,39154
34,Sunday May 6,2018,ARI,,HOU,W,3,1,23-11,1,up 3.5,2:55,D,35632
35,Tuesday May 8,2018,ARI,@,LAD,W,8,5,24-11,1,up 3.5,4:29,N,45894
36,Wednesday May 9,2018,ARI,@,LAD,L,3,6,24-12,1,up 3.5,3:48,N,45600
37,Thursday May 10,2018,ARI,,WSN,L,1,2,24-13,1,up 3.5,3:42,N,17397
38,Friday May 11,2018,ARI,,WSN,L,1,3,24-14,1,up 3.5,2:24,N,22901
39,Saturday May 12,2018,ARI,,WSN,L,1,2,24-15,1,up 2.5,3:17,D,29428
40,Sunday May 13,2018,ARI,,WSN,L,4,6,24-16,1,up 2.5,3:09,N,31906
41,Monday May 14,2018,ARI,,MIL,L,2,7,24-17,1,up 1.5,3:06,N,17390
42,Tuesday May 15,2018,ARI,,MIL,W,2,1,25-17,1,up 2.5,2:40,N,17914
43,Wednesday May 16,2018,ARI,,MIL,L,2,8,25-18,1,up 2.0,3:04,D,16762
44,Friday May 18,2018,ARI,@,NYM,L,1,3,25-19,1,up 0.5,2:36,N,31285
45,Saturday May 19,2018,ARI,@,NYM,L-wo,4,5,25-20,1,up 0.5,3:04,N,39515
46,Sunday May 20,2018,ARI,@,NYM,L,1,4,25-21,1,up 0.5,2:41,D,34894
47,Monday May 21,2018,ARI,@,MIL,L,2,4,25-22,2,0.5,2:31,N,27094
48,Tuesday May 22,2018,ARI,@,MIL,L,0,1,25-23,2,0.5,2:40,N,27065
49,Wednesday May 23,2018,ARI,@,MIL,L,2,9,25-24,2,0.5,3:04,D,29237
50,Friday May 25,2018,ARI,@,OAK,W,7,1,26-24,2,0.5,3:02,N,22691
51,Saturday May 26,2018,ARI,@,OAK,L,0,3,26-25,2,0.5,2:15,D,17580
52,Sunday May 27,2018,ARI,@,OAK,L,1,2,26-26,2,1.5,2:38,D,13947
53,Monday May 28,2018,ARI,,CIN,W,12,5,27-26,2,1.5,3:19,D,29924
54,Tuesday May 29,2018,ARI,,CIN,W,5,2,28-26,2,1.5,2:40,N,20046
55,Wednesday May 30,2018,ARI,,CIN,L,4,7,28-27,2,1.5,3:06,D,18340
56,Friday Jun 1,2018,ARI,,MIA,W,9,1,29-27,2,0.5,2:40,N,25866
57,Saturday Jun 2,2018,ARI,,MIA,W,6,2,30-27,1,up 0.5,3:01,N,34117
58,Sunday Jun 3,2018,ARI,,MIA,W,6,1,31-27,1,up 1.5,2:47,D,31727
59,Monday Jun 4,2018,ARI,@,SFG,L,3,10,31-28,1,up 1.0,3:11,N,36542
60,Tuesday Jun 5,2018,ARI,@,SFG,W,3,2,32-28,1,up 1.0,3:05,N,36925
61,Wednesday Jun 6,2018,ARI,@,SFG,L-wo,4,5,32-29,1,Tied,3:38,D,41042
62,Friday Jun 8,2018,ARI,@,COL,W,9,4,33-29,1,up 1.5,2:51,N,38917
63,Saturday Jun 9,2018,ARI,@,COL,W,12,7,34-29,1,up 2.5,3:34,N,43197
64,Sunday Jun 10,2018,ARI,@,COL,W,8,3,35-29,1,up 2.5,3:23,D,36433
65,Monday Jun 11,2018,ARI,,PIT,W,9,5,36-29,1,up 3.0,3:07,N,20927
66,Tuesday Jun 12,2018,ARI,,PIT,W,13,8,37-29,1,up 3.0,3:56,N,22488
67,Wednesday Jun 13,2018,ARI,,PIT,L,4,5,37-30,1,up 2.0,3:07,D,32803
68,Thursday Jun 14,2018,ARI,,NYM,W,6,3,38-30,1,up 2.5,2:38,N,23300
69,Friday Jun 15,2018,ARI,,NYM,W,7,3,39-30,1,up 2.5,3:20,N,32170
70,Saturday Jun 16,2018,ARI,,NYM,L,1,5,39-31,1,up 1.5,2:56,N,31824
71,Sunday Jun 17,2018,ARI,,NYM,L,3,5,39-32,1,up 1.5,3:27,D,47907
72,Monday Jun 18,2018,ARI,@,LAA,W,7,4,40-32,1,up 2.0,3:21,N,33809
73,Tuesday Jun 19,2018,ARI,@,LAA,L,4,5,40-33,1,up 1.5,3:11,N,33088
74,Thursday Jun 21,2018,ARI,@,PIT,W,9,3,41-33,1,up 2.5,3:11,N,20554
75,Friday Jun 22,2018,ARI,@,PIT,W,2,1,42-33,1,up 2.5,3:51,N,24843
76,Saturday Jun 23,2018,ARI,@,PIT,W,7,2,43-33,1,up 2.5,2:52,D,21121
77,Sunday Jun 24,2018,ARI,@,PIT,W,3,0,44-33,1,up 2.5,2:32,D,19207
78,Monday Jun 25,2018,ARI,@,MIA,L,5,9,44-34,1,up 1.5,3:14,N,6105
79,Tuesday Jun 26,2018,ARI,@,MIA,W,5,3,45-34,1,up 2.5,3:24,N,6159
80,Wednesday Jun 27,2018,ARI,@,MIA,W,2,1,46-34,1,up 2.5,2:52,N,6382
81,Thursday Jun 28,2018,ARI,@,MIA,W,4,0,47-34,1,up 3.5,3:06,D,12715
82,Friday Jun 29,2018,ARI,,SFG,L,1,2,47-35,1,up 3.5,2:49,N,30981
83,Saturday Jun 30,2018,ARI,,SFG,L,0,7,47-36,1,up 3.5,2:51,N,38117
84,Sunday Jul 1,2018,ARI,,SFG,L,6,9,47-37,1,up 2.5,3:45,D,29721
85,Monday Jul 2,2018,ARI,,STL,L,3,6,47-38,1,up 1.5,2:52,N,20334
86,Tuesday Jul 3,2018,ARI,,STL,W,4,2,48-38,1,up 1.5,2:51,N,25843
87,Wednesday Jul 4,2018,ARI,,STL,L,4,8,48-39,1,up 0.5,3:47,N,44072
88,Thursday Jul 5,2018,ARI,,SDP,L,3,6,48-40,1,Tied,3:15,N,17982
89,Friday Jul 6,2018,ARI,,SDP,W,3,1,49-40,1,up 1.0,2:52,N,25128
90,Saturday Jul 7,2018,ARI,,SDP,W,20,5,50-40,1,up 1.0,3:23,N,27091
91,Sunday Jul 8,2018,ARI,,SDP,L,3,4,50-41,1,up 1.0,5:31,D,24869
92,Tuesday Jul 10,2018,ARI,@,COL,W,5,3,51-41,1,up 1.5,3:40,N,43405
93,Wednesday Jul 11,2018,ARI,@,COL,L,2,19,51-42,1,up 0.5,3:05,N,33919
94,Thursday Jul 12,2018,ARI,@,COL,L,1,5,51-43,2,0.5,3:17,D,41410
95,Friday Jul 13,2018,ARI,@,ATL,W,2,1,52-43,2,0.5,3:05,N,42130
96,Saturday Jul 14,2018,ARI,@,ATL,W,3,0,53-43,1,up 0.5,2:53,D,40862
97,Sunday Jul 15,2018,ARI,@,ATL,L,1,5,53-44,2,0.5,2:42,D,27323
98,Friday Jul 20,2018,ARI,,COL,L,10,11,53-45,2,1.5,4:02,N,29546
99,Saturday Jul 21,2018,ARI,,COL,L,5,6,53-46,3,1.5,3:21,N,43340
100,Sunday Jul 22,2018,ARI,,COL,W,6,1,54-46,2,1.5,2:45,D,32985
101,Monday Jul 23,2018,ARI,@,CHC,W,7,1,55-46,2,1.5,2:55,N,40859
102,Tuesday Jul 24,2018,ARI,@,CHC,W,5,1,56-46,2,0.5,3:13,N,40869
103,Wednesday Jul 25,2018,ARI,@,CHC,L,1,2,56-47,2,0.5,2:39,D,35548
104,Thursday Jul 26,2018,ARI,@,CHC,L-wo,6,7,56-48,2,1.5,3:22,D,38979
105,Friday Jul 27,2018,ARI,@,SDP,W,6,2,57-48,2,1.5,2:37,N,34725
106,Saturday Jul 28,2018,ARI,@,SDP,W,9,4,58-48,2,1.5,3:15,N,37149
107,Sunday Jul 29,2018,ARI,@,SDP,W,5,4,59-48,2,0.5,3:18,D,32529
108,Monday Jul 30,2018,ARI,,TEX,L,5,9,59-49,2,0.5,3:33,N,20639
109,Tuesday Jul 31,2018,ARI,,TEX,W,6,0,60-49,1,up 0.5,2:45,N,21877
110,Thursday Aug 2,2018,ARI,,SFG,L,1,8,60-50,2,1,3:26,N,22980
111,Friday Aug 3,2018,ARI,,SFG,W,6,3,61-50,1,Tied,2:59,N,27581
112,Saturday Aug 4,2018,ARI,,SFG,W,9,3,62-50,1,up 1.0,2:59,N,38093
113,Sunday Aug 5,2018,ARI,,SFG,L,2,3,62-51,1,Tied,3:15,D,27884
114,Monday Aug 6,2018,ARI,,PHI,W-wo,3,2,63-51,1,up 0.5,4:38,N,21131
115,Tuesday Aug 7,2018,ARI,,PHI,L,2,5,63-52,2,0.5,3:08,N,22382
116,Wednesday Aug 8,2018,ARI,,PHI,W,6,0,64-52,1,up 0.5,2:58,D,23384
117,Friday Aug 10,2018,ARI,@,CIN,L,0,3,64-53,1,Tied,2:30,N,19089
118,Saturday Aug 11,2018,ARI,@,CIN,L,3,6,64-54,1,Tied,3:04,N,29348
119,Sunday Aug 12,2018,ARI,@,CIN,W,9,2,65-54,1,up 1.0,2:53,D,17909
120,Monday Aug 13,2018,ARI,@,TEX,L,3,5,65-55,1,up 1.0,2:51,N,18204
121,Tuesday Aug 14,2018,ARI,@,TEX,W,6,4,66-55,1,up 1.0,3:08,N,19353
122,Thursday Aug 16,2018,ARI,@,SDP,W,5,1,67-55,1,up 1.5,3:00,N,20617
123,Friday Aug 17,2018,ARI,@,SDP,W,9,4,68-55,1,up 1.5,3:46,N,20010
124,Saturday Aug 18,2018,ARI,@,SDP,L-wo,6,7,68-56,1,up 0.5,2:54,N,24440
125,Sunday Aug 19,2018,ARI,@,SDP,W,4,3,69-56,1,up 0.5,3:09,D,22346
126,Tuesday Aug 21,2018,ARI,,LAA,W-wo,5,4,70-56,1,up 1.5,2:54,N,30420
127,Wednesday Aug 22,2018,ARI,,LAA,W,5,1,71-56,1,up 1.5,3:05,N,23584
128,Friday Aug 24,2018,ARI,,SEA,L,3,6,71-57,1,up 1.0,2:47,N,43867
129,Saturday Aug 25,2018,ARI,,SEA,L,3,4,71-58,1,Tied,4:11,N,34968
130,Sunday Aug 26,2018,ARI,,SEA,W,5,2,72-58,1,up 1.0,2:48,D,37175
131,Monday Aug 27,2018,ARI,@,SFG,L,0,2,72-59,1,up 1.0,2:32,N,38808
132,Tuesday Aug 28,2018,ARI,@,SFG,L-wo,0,1,72-60,1,Tied,3:03,N,37276
133,Wednesday Aug 29,2018,ARI,@,SFG,W,3,1,73-60,1,up 0.5,2:45,N,35626
134,Thursday Aug 30,2018,ARI,@,LAD,W,3,1,74-60,1,up 1.5,3:14,N,45150
135,Friday Aug 31,2018,ARI,@,LAD,L,2,3,74-61,1,up 1.0,2:33,N,48965
136,Saturday Sep 1,2018,ARI,@,LAD,L,2,3,74-62,1,Tied,2:59,N,52394
137,Sunday Sep 2,2018,ARI,@,LAD,L-wo,2,3,74-63,3,1,3:35,D,48517
138,Monday Sep 3,2018,ARI,,SDP,L,2,6,74-64,3,1.5,3:19,N,22514
139,Tuesday Sep 4,2018,ARI,,SDP,W,6,0,75-64,3,1.5,2:47,N,18556
140,Thursday Sep 6,2018,ARI,,ATL,L,6,7,75-65,3,2.5,4:11,N,21903
141,Friday Sep 7,2018,ARI,,ATL,W,5,3,76-65,3,1.5,3:48,N,31308
142,Saturday Sep 8,2018,ARI,,ATL,L,4,5,76-66,3,2.5,4:07,N,40482
143,Sunday Sep 9,2018,ARI,,ATL,L,5,9,76-67,3,2.5,3:45,D,28339
144,Monday Sep 10,2018,ARI,@,COL,L,2,13,76-68,3,3.5,3:09,N,25114
145,Tuesday Sep 11,2018,ARI,@,COL,W,6,3,77-68,3,2.5,3:14,N,26510
146,Wednesday Sep 12,2018,ARI,@,COL,L-wo,4,5,77-69,3,3.5,3:07,N,31687
147,Thursday Sep 13,2018,ARI,@,COL,L,3,10,77-70,3,4.5,3:04,D,31783
148,Friday Sep 14,2018,ARI,@,HOU,W,4,2,78-70,3,3.5,3:36,N,36924
149,Saturday Sep 15,2018,ARI,@,HOU,L,4,10,78-71,3,4,3:17,N,38345
150,Sunday Sep 16,2018,ARI,@,HOU,L,4,5,78-72,3,4.5,3:09,D,37889
151,Monday Sep 17,2018,ARI,,CHC,L,1,5,78-73,3,5,2:46,N,27662
152,Tuesday Sep 18,2018,ARI,,CHC,L,1,9,78-74,3,6,3:10,N,26095
153,Wednesday Sep 19,2018,ARI,,CHC,W,9,0,79-74,3,6,2:20,N,25715
154,Friday Sep 21,2018,ARI,,COL,L,2,6,79-75,3,6,2:54,N,28833
155,Saturday Sep 22,2018,ARI,,COL,L,1,5,79-76,3,7,3:02,N,35094
156,Sunday Sep 23,2018,ARI,,COL,L,0,2,79-77,3,8,3:15,D,29191
157,Monday Sep 24,2018,ARI,,LAD,L,4,7,79-78,3,9,3:33,N,26067
158,Tuesday Sep 25,2018,ARI,,LAD,W-wo,4,3,80-78,3,8,3:23,N,25774
159,Wednesday Sep 26,2018,ARI,,LAD,W,7,2,81-78,3,7.5,3:14,N,31149
160,Friday Sep 28,2018,ARI,@,SDP,L-wo,2,3,81-79,3,9,5:02,N,28055
161,Saturday Sep 29,2018,ARI,@,SDP,W,5,4,82-79,3,8,2:49,N,28024
162,Sunday Sep 30,2018,ARI,@,SDP,L-wo,3,4,82-80,3,9,3:29,D,31243
1,Thursday Mar 28,2019,ARI,@,LAD,L,5,12,0-1,4,1,2:49,D,53086
2,Friday Mar 29,2019,ARI,@,LAD,W,5,4,1-Jan,3,1,6:05,N,42266
3,Saturday Mar 30,2019,ARI,@,LAD,L,5,18,2-Jan,4,1,3:14,N,50626
4,Sunday Mar 31,2019,ARI,@,LAD,L,7,8,3-Jan,4,2,3:29,D,43815
5,Monday Apr 1,2019,ARI,@,SDP,W,10,3,3-Feb,3,1,3:04,N,18683
6,Tuesday Apr 2,2019,ARI,@,SDP,W,8,5,3-Mar,2,1,3:21,N,22504
7,Wednesday Apr 3,2019,ARI,@,SDP,L,1,4,4-Mar,3,2,2:59,D,19376
8,Friday Apr 5,2019,ARI,,BOS,W,15,8,4-Apr,3,2,3:23,D,48338
9,Saturday Apr 6,2019,ARI,,BOS,W-wo,5,4,4-May,3,2,3:19,N,35969
10,Sunday Apr 7,2019,ARI,,BOS,L,0,1,5-May,3,3,2:29,D,31565
11,Tuesday Apr 9,2019,ARI,,TEX,W-wo,5,4,5-Jun,3,1.5,2:48,N,16620
12,Wednesday Apr 10,2019,ARI,,TEX,L,2,5,6-Jun,3,1.5,3:35,N,15871
13,Thursday Apr 11,2019,ARI,,SDP,L,6,7,7-Jun,3,2.5,3:13,N,15449
14,Friday Apr 12,2019,ARI,,SDP,L,1,2,8-Jun,3,3.5,2:38,N,22209
15,Saturday Apr 13,2019,ARI,,SDP,L,4,5,9-Jun,4,4.5,3:41,N,27256
16,Sunday Apr 14,2019,ARI,,SDP,W,8,4,9-Jul,3,3.5,2:49,D,25489
17,Tuesday Apr 16,2019,ARI,@,ATL,W,9,6,9-Aug,3,2,3:36,N,22407
18,Wednesday Apr 17,2019,ARI,@,ATL,W,3,2,9-Sep,3,2,3:32,N,22356
19,Thursday Apr 18,2019,ARI,@,ATL,W,4,1,9-Oct,3,2,3:25,D,24193
20,Friday Apr 19,2019,ARI,@,CHC,L,1,5,10-Oct,3,3,3:24,D,33938
21,Saturday Apr 20,2019,ARI,@,CHC,W,6,0,10-Nov,2,2,3:08,D,37667
22,Sunday Apr 21,2019,ARI,@,CHC,L-wo,1,2,11-Nov,3,3,2:28,D,38181
23,Monday Apr 22,2019,ARI,@,PIT,W,12,4,11-Dec,2,2.5,3:35,N,9233
24,Tuesday Apr 23,2019,ARI,@,PIT,W,2,1,13-11,2,1.5,2:53,N,8558
25,Wednesday Apr 24,2019,ARI,@,PIT,W,11,2,14-11,2,0.5,2:49,N,9450
26,Thursday Apr 25,2019,ARI,@,PIT,W,5,0,15-11,2,0.5,2:41,D,9365
27,Friday Apr 26,2019,ARI,,CHC,W,8,3,16-11,2,0.5,3:04,N,30664
28,Saturday Apr 27,2019,ARI,,CHC,L,1,9,16-12,3,1.5,3:05,N,27793
29,Sunday Apr 28,2019,ARI,,CHC,L,5,6,16-13,3,2.5,5:36,D,29477
30,Tuesday Apr 30,2019,ARI,,NYY,W,3,1,17-13,2,2,2:33,N,36352
31,Wednesday May 1,2019,ARI,,NYY,W,3,2,18-13,2,1,3:12,D,31365
32,Friday May 3,2019,ARI,@,COL,W,10,9,19-13,2,1,3:24,N,29574
33,Saturday May 4,2019,ARI,@,COL,W,9,2,20-13,2,1,2:51,N,37765
34,Sunday May 5,2019,ARI,@,COL,L,7,8,20-14,2,1,3:09,D,40262
35,Monday May 6,2019,ARI,@,TBR,L,1,12,20-15,2,2,2:54,N,8124
36,Tuesday May 7,2019,ARI,@,TBR,L,3,6,20-16,2,3,3:19,N,8059
37,Wednesday May 8,2019,ARI,@,TBR,W,3,2,21-16,2,3,4:39,D,8663
38,Thursday May 9,2019,ARI,,ATL,W-wo,3,2,22-16,2,2,3:13,N,17751
39,Friday May 10,2019,ARI,,ATL,L,1,2,22-17,2,3,3:00,N,21932
40,Saturday May 11,2019,ARI,,ATL,L,4,6,22-18,2,3,3:09,N,33168
41,Sunday May 12,2019,ARI,,ATL,L,3,5,22-19,2,4,3:21,D,27460
42,Monday May 13,2019,ARI,,PIT,W,9,3,23-19,2,3.5,3:27,N,15418
43,Tuesday May 14,2019,ARI,,PIT,L,2,6,23-20,2,4.5,2:45,N,21047
44,Wednesday May 15,2019,ARI,,PIT,W,11,1,24-20,2,4.5,2:58,D,17258
45,Friday May 17,2019,ARI,,SFG,W,7,0,25-20,2,4.5,3:06,N,26806
46,Saturday May 18,2019,ARI,,SFG,L,5,8,25-21,2,4.5,3:24,N,25014
47,Sunday May 19,2019,ARI,,SFG,L,2,3,25-22,2,5.5,3:28,D,24061
48,Monday May 20,2019,ARI,@,SDP,L,1,2,25-23,2,6,2:40,N,17578
49,Tuesday May 21,2019,ARI,@,SDP,L,2,3,25-24,2,7,2:21,N,19969
50,Wednesday May 22,2019,ARI,@,SDP,L,2,5,25-25,3,7,2:57,D,18715
51,Friday May 24,2019,ARI,@,SFG,W,18,2,26-25,3,7,3:35,N,31777
52,Saturday May 25,2019,ARI,@,SFG,W,10,4,27-25,3,7,3:06,D,31531
53,Sunday May 26,2019,ARI,@,SFG,W,6,2,28-25,2,7,3:17,D,37017
54,Monday May 27,2019,ARI,@,COL,L-wo,3,4,28-26,2,8,4:23,D,35604
55,Tuesday May 28,2019,ARI,@,COL,L,2,6,28-27,3,8,3:02,N,21583
56,Wednesday May 29,2019,ARI,@,COL,L,4,5,28-28,3,9,3:11,N,24261
57,Thursday May 30,2019,ARI,@,COL,L-wo,10,11,28-29,4,10,3:51,D,30371
58,Friday May 31,2019,ARI,,NYM,L,4,5,28-30,4,11,3:14,N,24664
59,Saturday Jun 1,2019,ARI,,NYM,W-wo,6,5,29-30,4,11,3:42,N,34888
60,Sunday Jun 2,2019,ARI,,NYM,W,7,1,30-30,4,11,2:37,D,26945
61,Monday Jun 3,2019,ARI,,LAD,L,1,3,30-31,4,12,2:26,N,24124
62,Tuesday Jun 4,2019,ARI,,LAD,L,0,9,30-32,4,13,3:07,N,29784
63,Wednesday Jun 5,2019,ARI,,LAD,W-wo,3,2,31-32,4,12,3:27,D,22753
64,Friday Jun 7,2019,ARI,@,TOR,W,8,2,32-32,4,11,2:50,N,16555
65,Saturday Jun 8,2019,ARI,@,TOR,W,6,0,33-32,3,11,3:09,D,22954
66,Sunday Jun 9,2019,ARI,@,TOR,W,8,2,34-32,2,11,3:04,D,19661
67,Monday Jun 10,2019,ARI,@,PHI,W,13,8,35-32,2,10,3:50,N,26255
68,Tuesday Jun 11,2019,ARI,@,PHI,L,4,7,35-33,3,10,3:16,N,26321
69,Wednesday Jun 12,2019,ARI,@,PHI,W,2,0,36-33,2,9.5,2:16,N,29047
70,Thursday Jun 13,2019,ARI,@,WSN,W,5,0,37-33,2,9.5,2:15,N,24909
71,Friday Jun 14,2019,ARI,@,WSN,L,3,7,37-34,2,10.5,2:57,N,29853
72,Saturday Jun 15,2019,ARI,@,WSN,W,10,3,38-34,2,9.5,3:30,D,38044
73,Sunday Jun 16,2019,ARI,@,WSN,L,5,15,38-35,2,10.5,3:14,D,29032
74,Tuesday Jun 18,2019,ARI,,COL,L,1,8,38-36,3,11,2:51,N,22954
75,Wednesday Jun 19,2019,ARI,,COL,L,4,6,38-37,3,12,2:55,N,21773
76,Thursday Jun 20,2019,ARI,,COL,L,4,6,38-38,4,13,4:08,D,23294
77,Friday Jun 21,2019,ARI,,SFG,L,5,11,38-39,4,14,3:09,N,29312
78,Saturday Jun 22,2019,ARI,,SFG,L,4,7,38-40,4,15,3:20,N,32082
79,Sunday Jun 23,2019,ARI,,SFG,W-wo,3,2,39-40,3,15,3:13,D,25071
80,Monday Jun 24,2019,ARI,,LAD,W,8,5,40-40,3,14,3:12,N,24675
81,Tuesday Jun 25,2019,ARI,,LAD,L,2,3,40-41,3,15,3:07,N,27927
82,Wednesday Jun 26,2019,ARI,,LAD,W,8,2,41-41,3,14,3:01,D,28752
83,Thursday Jun 27,2019,ARI,@,SFG,W,5,1,42-41,3,14,2:42,N,30790
84,Friday Jun 28,2019,ARI,@,SFG,L,3,6,42-42,4,14,3:07,N,35391
85,Saturday Jun 29,2019,ARI,@,SFG,W,4,3,43-42,4,13,3:18,N,31600
86,Sunday Jun 30,2019,ARI,@,SFG,L,4,10,43-43,4,14,3:09,D,31778
87,Tuesday Jul 2,2019,ARI,@,LAD,L-wo,4,5,43-44,3,15,3:26,N,52969
88,Wednesday Jul 3,2019,ARI,@,LAD,L-wo,4,5,43-45,3,16,3:19,N,53327
89,Friday Jul 5,2019,ARI,,COL,W,8,0,44-45,3,15.5,2:52,N,43056
90,Saturday Jul 6,2019,ARI,,COL,W,4,2,45-45,2,14.5,3:11,N,28276
91,Sunday Jul 7,2019,ARI,,COL,W,5,3,46-45,2,13.5,2:36,D,22964
92,Friday Jul 12,2019,ARI,@,STL,W,4,2,47-45,2,12.5,2:56,N,44960
93,Saturday Jul 13,2019,ARI,@,STL,L,2,4,47-46,2,13.5,3:04,N,46152
94,Sunday Jul 14,2019,ARI,@,STL,L,2,5,47-47,2,14.5,2:52,D,43439
95,Tuesday Jul 16,2019,ARI,@,TEX,W,9,2,48-47,2,14,3:23,N,19202
96,Wednesday Jul 17,2019,ARI,@,TEX,W,19,4,49-47,2,14,3:14,N,26681
97,Thursday Jul 18,2019,ARI,,MIL,L,1,5,49-48,2,14,2:59,N,23985
98,Friday Jul 19,2019,ARI,,MIL,W,10,7,50-48,2,14,3:44,N,28505
99,Saturday Jul 20,2019,ARI,,MIL,L,3,8,50-49,2,15,3:17,N,38567
100,Sunday Jul 21,2019,ARI,,MIL,L,4,7,50-50,2,16,3:39,D,33111
101,Monday Jul 22,2019,ARI,,BAL,W,6,3,51-50,2,15.5,2:55,N,19192
102,Tuesday Jul 23,2019,ARI,,BAL,L,2,7,51-51,3,15.5,2:57,N,20253
103,Wednesday Jul 24,2019,ARI,,BAL,W,5,2,52-51,2,14.5,3:24,D,20452
104,Friday Jul 26,2019,ARI,@,MIA,L-wo,2,3,52-52,3,15.5,3:10,N,8867
105,Saturday Jul 27,2019,ARI,@,MIA,W,9,2,53-52,2,15.5,2:49,N,13047
106,Sunday Jul 28,2019,ARI,@,MIA,L,1,5,53-53,3,15.5,3:11,D,11538
107,Monday Jul 29,2019,ARI,@,MIA,L,6,11,53-54,3,15.5,2:59,N,7048
108,Tuesday Jul 30,2019,ARI,@,NYY,W,4,2,54-54,3,15.5,3:10,N,47281
109,Wednesday Jul 31,2019,ARI,@,NYY,L,5,7,54-55,3,16.5,3:43,D,43979
110,Friday Aug 2,2019,ARI,,WSN,L,0,3,54-56,3,17,2:43,N,24298
111,Saturday Aug 3,2019,ARI,,WSN,W,18,7,55-56,3,17,3:46,N,33966
112,Sunday Aug 4,2019,ARI,,WSN,W,7,5,56-56,2,17,3:07,D,22976
113,Monday Aug 5,2019,ARI,,PHI,L,3,7,56-57,2,18,3:05,N,18319
114,Tuesday Aug 6,2019,ARI,,PHI,W,8,4,57-57,2,18,3:19,N,17446
115,Wednesday Aug 7,2019,ARI,,PHI,W,6,1,58-57,2,18,3:10,N,18140
116,Friday Aug 9,2019,ARI,@,LAD,W,3,2,59-57,2,17,3:49,N,49538
117,Saturday Aug 10,2019,ARI,@,LAD,L,0,4,59-58,2,18,3:18,N,52606
118,Sunday Aug 11,2019,ARI,@,LAD,L,3,9,59-59,2,19,2:40,D,44619
119,Monday Aug 12,2019,ARI,@,COL,W,8,6,60-59,2,18.5,3:30,N,32160
120,Tuesday Aug 13,2019,ARI,@,COL,W,9,3,61-59,2,18.5,3:32,N,31815
121,Wednesday Aug 14,2019,ARI,@,COL,L-wo,6,7,61-60,2,19.5,3:25,D,32247
122,Thursday Aug 15,2019,ARI,,SFG,L,0,7,61-61,2,19.5,2:44,N,19037
123,Friday Aug 16,2019,ARI,,SFG,L,9,10,61-62,3,20.5,4:05,N,23642
124,Saturday Aug 17,2019,ARI,,SFG,L,6,11,61-63,3,20.5,3:40,N,35366
125,Sunday Aug 18,2019,ARI,,SFG,W,6,1,62-63,3,19.5,3:19,D,26079
126,Monday Aug 19,2019,ARI,,COL,W,5,3,63-63,3,19,2:51,N,15443
127,Tuesday Aug 20,2019,ARI,,COL,W,8,7,64-63,2,19,3:13,N,17691
128,Wednesday Aug 21,2019,ARI,,COL,L,2,7,64-64,2,20,2:50,D,17707
129,Friday Aug 23,2019,ARI,@,MIL,L,1,6,64-65,2,20.5,3:06,N,42209
130,Saturday Aug 24,2019,ARI,@,MIL,L,0,4,64-66,3,21.5,3:29,N,41737
131,Sunday Aug 25,2019,ARI,@,MIL,W,5,2,65-66,3,20.5,3:44,D,38920
132,Monday Aug 26,2019,ARI,@,SFG,W,6,4,66-66,2,19.5,3:30,N,29169
133,Tuesday Aug 27,2019,ARI,@,SFG,W,3,2,67-66,2,19.5,2:46,N,28262
134,Thursday Aug 29,2019,ARI,,LAD,W,11,5,68-66,2,19,3:23,N,22581
135,Friday Aug 30,2019,ARI,,LAD,W,5,4,69-66,2,18,3:41,N,34149
136,Saturday Aug 31,2019,ARI,,LAD,W,6,5,70-66,2,17,3:11,N,50180
137,Sunday Sep 1,2019,ARI,,LAD,L,3,4,70-67,2,18,3:56,D,34439
138,Monday Sep 2,2019,ARI,,SDP,W,14,7,71-67,2,18,3:26,D,23477
139,Tuesday Sep 3,2019,ARI,,SDP,W,2,1,72-67,2,18,3:08,N,15402
140,Wednesday Sep 4,2019,ARI,,SDP,W,4,1,73-67,2,18,2:55,N,18096
141,Friday Sep 6,2019,ARI,@,CIN,W,7,5,74-67,2,17,4:10,N,19048
142,Saturday Sep 7,2019,ARI,@,CIN,W,2,0,75-67,2,16,2:39,D,34804
143,Sunday Sep 8,2019,ARI,@,CIN,L-wo,3,4,75-68,2,17,3:12,D,19717
144,Monday Sep 9,2019,ARI,@,NYM,L,1,3,75-69,2,17.5,2:45,N,21337
145,Tuesday Sep 10,2019,ARI,@,NYM,L,2,3,75-70,2,18.5,3:02,N,20843
146,Wednesday Sep 11,2019,ARI,@,NYM,L,0,9,75-71,2,18.5,3:06,N,21841
147,Thursday Sep 12,2019,ARI,@,NYM,L,1,11,75-72,2,19.5,3:25,D,21856
148,Friday Sep 13,2019,ARI,,CIN,L,3,4,75-73,2,20.5,2:48,N,35158
149,Saturday Sep 14,2019,ARI,,CIN,W,1,0,76-73,2,19.5,2:15,N,35151
150,Sunday Sep 15,2019,ARI,,CIN,L,1,3,76-74,2,20.5,2:55,D,25193
151,Monday Sep 16,2019,ARI,,MIA,W,7,5,77-74,2,20,3:25,N,15897
152,Tuesday Sep 17,2019,ARI,,MIA,L,6,12,77-75,2,21,3:49,N,19745
153,Wednesday Sep 18,2019,ARI,,MIA,W,5,4,78-75,2,20,2:55,D,17731
154,Friday Sep 20,2019,ARI,@,SDP,W,9,0,79-75,2,20,3:11,N,27023
155,Saturday Sep 21,2019,ARI,@,SDP,W,4,2,80-75,2,19,3:12,N,30191
156,Sunday Sep 22,2019,ARI,@,SDP,L-wo,4,6,80-76,2,20,3:42,D,31293
157,Monday Sep 23,2019,ARI,,STL,L,7,9,80-77,2,20.5,3:29,N,24826
158,Tuesday Sep 24,2019,ARI,,STL,W-wo,3,2,81-77,2,20.5,6:53,N,26097
159,Wednesday Sep 25,2019,ARI,,STL,W,9,7,82-77,2,20.5,3:52,D,21420
160,Friday Sep 27,2019,ARI,,SDP,W,6,3,83-77,2,21,3:03,N,32244
161,Saturday Sep 28,2019,ARI,,SDP,W,6,5,84-77,2,21,3:05,N,46477
162,Sunday Sep 29,2019,ARI,,SDP,W-wo,1,0,85-77,2,21,2:46,D,45446
,,,,,,,,,,,,,,